{
  "run1": {
    "rows": 984,
    "duration_s": 10.666,
    "path_len_in": 135.25100007571402,
    "accept_rows": 0,
    "accept_events": 0,
    "motion_fraction": 0.8790650406504065,
    "drift_rate": 0.0,
    "booked_drift": 0.0,
    "max_seg_in": 135.25100007571402,
    "raw_end": 0.0,
    "raw_max": 0.0,
    "new_end": 0.0,
    "new_max": 0.0,
    "shipped_end": 0.0,
    "net_applied_in": 0.0,
    "corr_mean": 0.0,
    "corr_max": 0.0,
    "improve_max": 1.0,
    "improve_end": NaN,
    "drift_per_100in": 0.0
  },
  "run2": {
    "rows": 1133,
    "duration_s": 12.406,
    "path_len_in": 122.5774397707295,
    "accept_rows": 10,
    "accept_events": 2,
    "motion_fraction": 0.9311562224183584,
    "drift_rate": 0.01790668801966386,
    "booked_drift": 2.1949559722235903,
    "max_seg_in": 65.43113694141468,
    "raw_end": 2.1949559722235903,
    "raw_max": 2.1949559722235903,
    "new_end": 1.1716549559818157,
    "new_max": 1.1716549559818157,
    "shipped_end": 2.1949559722235903,
    "net_applied_in": 0.9259281289603422,
    "corr_mean": 1.3909685472219864,
    "corr_max": 2.0020438581609543,
    "improve_max": 1.8733808626996977,
    "improve_end": 1.8733808626996977,
    "drift_per_100in": 1.7906688019663861
  },
  "run3": {
    "rows": 3060,
    "duration_s": 32.466,
    "path_len_in": 334.684063507864,
    "accept_rows": 23,
    "accept_events": 5,
    "motion_fraction": 0.9477124183006536,
    "drift_rate": 0.011512013446138905,
    "booked_drift": 3.8528874393109374,
    "max_seg_in": 187.49368255169512,
    "raw_end": 3.8528874393109374,
    "raw_max": 3.8528874393109374,
    "new_end": 1.8490892717936945e-05,
    "new_max": 2.1584297946012136,
    "shipped_end": 3.8528874393109374,
    "net_applied_in": 2.086332535814938,
    "corr_mean": 1.9644883383519125,
    "corr_max": 3.773829664942497,
    "improve_max": 1.7850418155586978,
    "improve_end": 208366.7618477649,
    "drift_per_100in": 1.1512013446138905
  },
  "run4": {
    "rows": 949,
    "duration_s": 10.002,
    "path_len_in": 138.47303117222492,
    "accept_rows": 0,
    "accept_events": 0,
    "motion_fraction": 0.8682824025289779,
    "drift_rate": 0.0,
    "booked_drift": 0.0,
    "max_seg_in": 138.47303117222492,
    "raw_end": 0.0,
    "raw_max": 0.0,
    "new_end": 0.0,
    "new_max": 0.0,
    "shipped_end": 0.0,
    "net_applied_in": 9.999999999976694e-05,
    "corr_mean": 0.0,
    "corr_max": 0.0,
    "improve_max": 1.0,
    "improve_end": NaN,
    "drift_per_100in": 0.0
  },
  "run5": {
    "rows": 994,
    "duration_s": 10.349,
    "path_len_in": 172.42966185214397,
    "accept_rows": 0,
    "accept_events": 0,
    "motion_fraction": 0.8661971830985915,
    "drift_rate": 0.0,
    "booked_drift": 0.0,
    "max_seg_in": 172.42966185214397,
    "raw_end": 0.0,
    "raw_max": 0.0,
    "new_end": 0.0,
    "new_max": 0.0,
    "shipped_end": 0.0,
    "net_applied_in": 0.0,
    "corr_mean": 0.0,
    "corr_max": 0.0,
    "improve_max": 1.0,
    "improve_end": NaN,
    "drift_per_100in": 0.0
  },
  "run6": {
    "rows": 967,
    "duration_s": 10.342,
    "path_len_in": 110.21899427876933,
    "accept_rows": 0,
    "accept_events": 0,
    "motion_fraction": 0.8728024819027922,
    "drift_rate": 0.0,
    "booked_drift": 0.0,
    "max_seg_in": 110.21899427876933,
    "raw_end": 0.0,
    "raw_max": 0.0,
    "new_end": 0.0,
    "new_max": 0.0,
    "shipped_end": 0.0,
    "net_applied_in": 0.0,
    "corr_mean": 0.0,
    "corr_max": 0.0,
    "improve_max": 1.0,
    "improve_end": NaN,
    "drift_per_100in": 0.0
  },
  "run7": {
    "rows": 925,
    "duration_s": 9.934,
    "path_len_in": 130.0083254072292,
    "accept_rows": 0,
    "accept_events": 0,
    "motion_fraction": 0.8648648648648649,
    "drift_rate": 0.0,
    "booked_drift": 0.0,
    "max_seg_in": 130.0083254072292,
    "raw_end": 0.0,
    "raw_max": 0.0,
    "new_end": 0.0,
    "new_max": 0.0,
    "shipped_end": 0.0,
    "net_applied_in": 9.999999999621423e-05,
    "corr_mean": 0.0,
    "corr_max": 0.0,
    "improve_max": 1.0,
    "improve_end": NaN,
    "drift_per_100in": 0.0
  }
}